condition,decision_time_mean_ms_mean,decision_time_mean_ms_std,decision_time_p95_ms_mean,decision_time_p95_ms_std,duty_cycle_mean,duty_cycle_std,healthy_false_trigger_rate_per_min_mean,healthy_false_trigger_rate_per_min_std,mean_beta_power_mean,mean_beta_power_std,n_runs,pathological_occupancy_mean,pathological_occupancy_std,pulse_count_mean,pulse_count_std,pulses_per_min_healthy_mean,pulses_per_min_healthy_std,regime,suppression_latency_ms_mean,suppression_latency_ms_std,unnecessary_stim_duty_cycle_mean,unnecessary_stim_duty_cycle_std
beta_adbs,0.004321204730894395,0.000565317764882397,0.005683759754901983,0.0006935561116095372,0.0384,0.0,120.1923076923077,0.0,3.7286665362218563,0.6184604826921634,5,nan,nan,24.0,0.0,576.9230769230769,0.0,healthy,nan,nan,0.0384,0.0
hdc_adbs,0.16547836188519366,0.010543694703435611,0.21823917018991773,0.012780904708856117,0.030079999999999996,0.006351818637209346,105.76923076923076,19.23076923076923,3.8115016444566967,0.4199377588378648,5,nan,nan,18.8,3.9698866482558417,451.92307692307696,95.42996750615004,healthy,nan,nan,0.030079999999999996,0.006351818637209346
beta_adbs,0.003925033351628198,0.0005338354461263579,0.005191140298848039,0.0009122685334886108,0.0384,0.0,nan,nan,8.291841064889958,1.376665499907543,5,0.65056,0.2128892444441475,24.0,0.0,nan,nan,pathological,0.0,0.0,nan,nan
continuous_dbs,0.0,0.0,0.0,0.0,0.12,0.0,nan,nan,8.363284834385656,2.2795630255676405,5,0.64864,0.23310325265855902,75.0,0.0,nan,nan,pathological,296.0,2.8284271247461903,nan,nan
hdc_adbs,0.17896587141876807,0.017468127456166598,0.23664155030928663,0.04511065462577043,0.037439999999999994,0.0019199999999999996,nan,nan,7.097306479431279,1.5341491990449754,5,0.59008,0.2982691831215555,23.4,1.2000000000000002,nan,nan,pathological,0.0,0.0,nan,nan
no_stimulation,0.0,0.0,0.0,0.0,0.0,0.0,nan,nan,7.294138829840773,1.289927200747857,5,0.5001599999999999,0.21652108996585065,0.0,0.0,nan,nan,pathological,nan,nan,nan,nan
